{
    "xyz": [493230.59371459519, 6776753.4841693826, 496.9597847013373],
    "viewdir": [75.740564888761696, -9.9305860138991093, 0.60924282211630632]
}