{
    "xyz": [0.006770622806208406, 0.020205206492926352, 0.068742082111073896],
    "viewdir": [0.0014080634526836082, 0.0007879932017307383, 0.0025491731824089274]
}