{
    "xyz": [0.011502738226161146, 0.0086624538358168607, 0.008616510723355824],
    "viewdir": [0.0026917234810852103, 0.0014915647866560258, 0.0045896082145266848]
}