{
    "xyz": [496733.10189124779, 6775903.1020572903, 76.012164652001132],
    "viewdir": [-43.115689359414525, -5.0963803699876813, 1.5210334357158117]
}