{
    "xyz": [0.1863410977958449, 0.021557235710348309, 0.21367081142820932],
    "viewdir": [0.014996220363771675, 0.067960424309249201, 0.004307226959179785]
}