{
    "xyz": [0.0035134081025177516, 0.047717873577781705, 0.071278061987229607],
    "viewdir": [0.010075850492223648, 0.016838309632090358, 0.0035744987027932652]
}