{
    "xyz": [499211.00725947437, 6783756.0918104537, 479.33179419876853],
    "viewdir": [-149.58968836973429, -9.4957077662404146, -3.0270451370654143]
}