{
    "xyz": [0.004095937318954186, 0.031605521423864247, 0.088186445989995324],
    "viewdir": [0.0013528685868215921, 0.0010284197186845906, 0.0030470618710899634]
}