{
    "xyz": [0.0034304385486621579, 0.0076922612055319176, 0.12095370267525746],
    "viewdir": [0.0011249669606218347, 0.0013766471985127611, 0.0035706030130457263]
}