{
    "xyz": [0.0062924546110845869, 0.013138538958833842, 0.069294101175046752],
    "viewdir": [0.0017677742414803454, 0.0010039035042148368, 0.0029778950559067431]
}