{
    "xyz": [494667.18390551041, 6780880.111166779, 504.43351449282216],
    "viewdir": [90.050594042659327, -8.405942593805916, -0.88961071919081192]
}