{
    "xyz": [0.026072782649956164, 0.048249857111085134, 0.18013685418470726],
    "viewdir": [0.0017061905469233799, 0.001684325141132572, 0.0057046831504437125]
}