{
    "xyz": [497414.33559383859, 6776328.601252811, 270.0809358628938],
    "viewdir": [2.2068078403862113, -6.4772183518115618, 1.3724095670658933]
}