{
    "xyz": [0.073491211930086967, 0.015097272099203658, 0.034541656551890294],
    "viewdir": [0.0027890498663307021, 0.0015001724756491589, 0.0051302936994605522]
}