{
    "xyz": [497294.19765148807, 6776046.5997739434, 267.81766394758381],
    "viewdir": [-85.730506122220561, -4.1813530873802858, -3.4482889120382034]
}