{
    "xyz": [497293.74588881282, 6776046.392671315, 268.83072413859782],
    "viewdir": [-85.434199657751108, -4.5847757524360686, -3.4503819498863737]
}