{
    "xyz": [0.14972800203104056, 0.010643025038903716, 0.04078231389287313],
    "viewdir": [0.0020697721494846023, 0.0011964281952816288, 0.0045366729963761719]
}