{
    "xyz": [497008.95372576662, 6775994.427232733, 153.10139942783945],
    "viewdir": [-77.747998853899389, 6.5673540842284339, 0.4782258394799257]
}