{
    "xyz": [0.007984177064104217, 0.031242527452687387, 0.23737941937237633],
    "viewdir": [0.02438818455604384, 0.022054273374645557, 0.082739649137016424]
}