{
    "xyz": [493219.90001682361, 6776736.585432346, 464.54523318793304],
    "viewdir": [60.110046173851885, -7.6346943130569436, 3.0863225274158621]
}