{
    "xyz": [0.011502738226161146, 0.0086624538358168607, 0.008616510723355824],
    "viewdir": [0.0026545350707755768, 0.0015293831871776168, 0.0046989832808370657]
}