{
    "xyz": [497017.48522467073, 6776153.0012300452, 164.05755104984081],
    "viewdir": [-30.10800659711898, -10.939119376229941, -0.23246717234540576]
}