{
    "xyz": [497017.48522467073, 6776153.0012300452, 164.05755104984081],
    "viewdir": [-47.959974317224294, -6.9763839149972515, 0.44175651677933025]
}