{
    "xyz": [1.7419500470231195, 0.13643546938293424, 0.73543585951786505],
    "viewdir": [0.0067562956101408275, 0.0033224862729793144, 0.0069076553681589273]
}