{
    "xyz": [497336.72095633415, 6776385.3390305443, 241.66811065081026],
    "viewdir": [-12.527467461653869, -14.906549050776325, -1.8555004523795802]
}