{
    "xyz": [497331.87185371458, 6776359.0425717272, 242.40782541537817],
    "viewdir": [22.160897539538023, -10.538835149061882, 1.1023517055188845]
}