{
    "xyz": [499211.34028485726, 6783755.9764332315, 479.0223455005102],
    "viewdir": [-155.14555644516901, -11.542694285819607, -2.8350482777999972]
}