{
    "xyz": [497669.39916917024, 6776138.1546138478, 401.96988953263218],
    "viewdir": [16.458468581010013, -7.9676540184254421, -0.60703467299501401]
}