{
    "xyz": [494674.00491594971, 6780880.0709245484, 499.85482858413934],
    "viewdir": [90.233150616585334, -7.5917347304926741, -0.67475954354876866]
}