{
    "xyz": [0.008198359311271719, 0.077087507950023254, 0.11048404073678091],
    "viewdir": [0.0015940474563781361, 0.0010137185032143942, 0.0033521259257256117]
}