{
    "xyz": [0.012498688295566116, 0.061072171552783772, 0.12496771890211252],
    "viewdir": [0.0013783013313110131, 0.00094372423610934752, 0.0033497111200344221]
}