{
    "xyz": [497330.95662225119, 6776300.8832884599, 263.67968565457306],
    "viewdir": [6.6199575118469696, -2.9161765455890425, -3.0120356941714466]
}