{
    "xyz": [0.068490738095669787, 0.011063873037351095, 0.035691340294356062],
    "viewdir": [0.0014120465889897026, 0.0015122156879403359, 0.0052285562842784399]
}