{
    "xyz": [497012.65757411462, 6775994.1277038185, 154.54676783239304],
    "viewdir": [-85.7582312894951, -1.7292385799852117, 1.190446368330782]
}