{
    "xyz": [0.21280084056058027, 0.010395747383060936, 0.050797844495123153],
    "viewdir": [0.0021642058125009994, 0.0015757194473061484, 0.0049976996447509033]
}