{
    "fmm": [0.017719313871434456, 0.017559475916438898],
    "cmm": [-11.064763823251955, -7.3737957593613537],
    "k": [0.0015770575095453334, 0.0093083084850943323, 0.0, 0.0, 0.0, 0.0],
    "p": [8.6901294264000008e-05, 0.00011380563244799999]
}