{
    "fmm": [9.0240791039673489, 9.1661544906601087],
    "cmm": [-0.060400350897797848, -0.032119944781189132],
    "k": [-0.16787350853631028, 0.11054588920379216, 0.0, 0.0, 0.0, 0.0],
    "p": [0.0042196344599788535, 0.001350202660558103],
    "sensorsz": [8.8000000000000007, 6.5999999999999996]
}