{
    "fmm": [0.0046141168267215676, 0.0093629885514783014],
    "cmm": [0.0055829058798093582, 0.013363724459591754],
    "k": [0.00097740504474747199, 0.0020101227522486835, 0.0, 0.0, 0.0, 0.0],
    "p": [3.8831008607988137e-05, 4.1289670709096407e-05]
}