{
    "fmm": [0.0041406541152725612, 0.0043464223999680725],
    "cmm": [-4.3925432873074168, -3.2939938055178835],
    "k": [0.00057845061287799997, 0.0017468287521056666, 0.0, 0.0, 0.0, 0.0],
    "p": [3.7594562515666669e-05, 4.5605010107666672e-05]
}