{
    "fmm": [20.382071020266888, 20.495175946730647],
    "cmm": [-0.1477597405169577, 0.27182069198902392],
    "k": [-0.11641455644371079, 0.10311901148053326, 0.0, 0.0, 0.0, 0.0],
    "p": [0.0023856553281359286, -0.0021288642674712546],
    "sensorsz": [23.600000000000001, 15.800000000000001]
}