{
    "fmm": [0.0050749989712777889, 0.0081891306070282759],
    "cmm": [0.0052891951608546048, 0.013747734967617137],
    "k": [0.0023022994031632791, 0.0068397862192596144, 0.0, 0.0, 0.0, 0.0],
    "p": [0.0, 0.0]
}