{
    "fmm": [9.0204336067474564, 9.0130113476823936],
    "cmm": [-0.013399977447144528, 0.01227606204544574],
    "k": [-0.206256762062722, 0.206074941129924, 0.0, 0.0, 0.0, 0.0],
    "p": [0.00079568741960300002, -0.00076255578404700001],
    "sensorsz": [8.8000000000000007, 6.5999999999999996]
}