{
    "fmm": [0.0066463322828064011, 0.014708019958574865],
    "cmm": [0.0057921607134990569, 0.023610182736974225],
    "k": [0.0010557740279747605, 0.0015222942878551323, 0.0, 0.0, 0.0, 0.0],
    "p": [0.00013459576719794728, 1.9962805622993849e-05]
}