{
    "fmm": [0.0018496588968030319, 0.0026987792415829894],
    "cmm": [0.004346316901795445, 0.0053847825618163047],
    "k": [0.0013779527480802265, 0.0025405329146869411, 0.0, 0.0, 0.0, 0.0],
    "p": [0.00014953222222327187, 4.3752281792320141e-05]
}