{
    "fmm": [0.0018146195741368513, 0.0028404483860188603],
    "cmm": [0.0025215917470687247, 0.0058560086904658115],
    "k": [0.00046876972454760714, 0.00071496598137402308, 0.0, 0.0, 0.0, 0.0],
    "p": [6.5362369325346065e-05, 9.8108531302853116e-06]
}