{
    "fmm": [0.0048228816570385713, 0.00580602111215427],
    "cmm": [0.0056489374825523199, 0.016590779456666406],
    "k": [0.0011529653661516424, 0.0030535682055315536, 0.0, 0.0, 0.0, 0.0],
    "p": [0.0001024745469644583, 1.9796877028243914e-05]
}