{
    "fmm": [0.0013732118053451467, 0.0027762101293661331],
    "cmm": [0.0011807389956887281, 0.004184045163328631],
    "k": [0.00028189349846390727, 0.00057763132720621265, 0.0, 0.0, 0.0, 0.0],
    "p": [2.5817708811730383e-05, 7.7192623771636054e-06]
}