{
    "xyz": [493219.90001682361, 6776736.585432346, 464.54523318793304],
    "viewdir": [59.727184219466906, -11.244100836031599, 5.5704998529141942],
    "fmm": [24.503822752449853, 24.522194745589083],
    "cmm": [-0.021381606462206586, 0.082874816909285401],
    "k": [-0.060325993869383809, 0.0027240282557717543, 0.0, 0.0, 0.0, 0.0],
    "p": [0.0, 0.0],
    "sensorsz": [23.600000000000001, 15.800000000000001]
}