{
    "xyz": [497331.87185371458, 6776359.0425717272, 242.40782541537817],
    "viewdir": [21.93974598815478, -10.000196114896239, 1.662983578008296],
    "fmm": [20.57258469094317, 20.793345630863708],
    "cmm": [-0.039835887476059262, -0.34070251447309241],
    "k": [-0.09361512331540621, 0.057570228107937133, 0.0, 0.0, 0.0, 0.0],
    "p": [0.00164149675869232, 0.00034157536144308401],
    "sensorsz": [23.600000000000001, 15.800000000000001]
}