{
    "xyz": [494667.18390551041, 6780880.111166779, 504.43351449282216],
    "viewdir": [89.658653087469133, -8.2468004437132727, -0.88710266217429379],
    "fmm": [24.857927130542961, 24.805600712503871],
    "cmm": [-0.075463565719042572, 0.33170564486342002],
    "k": [-0.108250194207116, 0.097017366773822, 0.0, 0.0, 0.0, 0.0],
    "p": [0.0014946571224, -0.00022946192912599999],
    "sensorsz": [22.199999999999999, 14.800000000000001]
}