{
    "xyz": [494674.00491594971, 6780880.0709245484, 499.85482858413934],
    "viewdir": [90.448465669773313, -7.5102175480984013, -0.86760796309704236],
    "fmm": [24.585037782354366, 24.94724618566346],
    "cmm": [-0.054839664054174328, -0.049871014034790939],
    "k": [-0.095666327034725829, 0.037352576748529209, 0.0, 0.0, 0.0, 0.0],
    "p": [0.00017259618089816853, 0.0015085033961687311],
    "sensorsz": [22.199999999999999, 14.800000000000001]
}