{
    "xyz": [497414.33559383859, 6776328.601252811, 270.0809358628938],
    "viewdir": [2.2212112697010302, -6.4972240217008874, 1.3594547621843294],
    "fmm": [28.644845817036046, 28.776674834959504],
    "cmm": [-0.024236849847916079, 0.19881369292017514],
    "k": [-0.091471583568923209, 0.00023078545155919006, 0.0, 0.0, 0.0, 0.0],
    "p": [0.00092597857976286363, 8.997699968275874e-05],
    "sensorsz": [23.600000000000001, 15.800000000000001]
}