{
    "xyz": [497293.74588881282, 6776046.392671315, 268.83072413859782],
    "viewdir": [-85.872975973224584, -4.1517541996311849, -3.1289335604828148],
    "fmm": [9.0204336067474564, 9.0130113476823936],
    "cmm": [-0.013399977447144528, 0.01227606204544574],
    "k": [-0.206256762062722, 0.206074941129924, 0.0, 0.0, 0.0, 0.0],
    "p": [0.00079568741960300002, -0.00076255578404700001],
    "sensorsz": [8.8000000000000007, 6.5999999999999996]
}