{
    "xyz": [497012.65757411462, 6775994.1277038185, 154.54676783239304],
    "viewdir": [-85.768515024947035, -1.7630769006154512, 1.2291036273556364],
    "fmm": [28.63210773059058, 28.753212351926649],
    "cmm": [0.041890699324174656, -0.13807010770372458],
    "k": [-0.10241683383690403, 0.080366009725644838, 0.0, 0.0, 0.0, 0.0],
    "p": [0.0025082496559255679, -0.0001907031561773076],
    "sensorsz": [23.699999999999999, 15.699999999999999]
}