{
    "xyz": [493219.90001682361, 6776736.585432346, 464.54523318793304],
    "viewdir": [59.18714152138331, -11.085483887644864, 5.6815118685089283],
    "fmm": [24.503822752449853, 24.522194745589083],
    "cmm": [-0.021381606462206586, 0.082874816909285401],
    "k": [-0.060325993869383809, 0.0027240282557717543, 0.0, 0.0, 0.0, 0.0],
    "p": [0.0, 0.0],
    "sensorsz": [23.600000000000001, 15.800000000000001]
}