{
    "xyz": [493221.96573712653, 6776736.400577622, 463.26],
    "viewdir": [58.5378893891621, -11.399088988237638, 5.605017839273085],
    "fmm": [24.553612972523883, 24.52141977452316],
    "cmm": [-0.39337613177086556, 0.2507109288187754],
    "k": [-0.08240748511527785, 0.05998174909508436, 0.0, 0.0, 0.0, 0.0],
    "p": [0.0012719766080060146, -0.003810343139851957],
    "sensorsz": [23.6, 15.8]
}