{
    "xyz": [493191.80306491454, 6776739.093670342, 487.91162242938503],
    "viewdir": [76.59038926954831, -6.505468680192835, 0.5180048933490657],
    "fmm": [24.61092973229359, 24.787909617691646],
    "cmm": [-0.05803800489570418, -0.3009537557719697],
    "k": [-0.07479813773032218, 0.03138069769385121, 0.0, 0.0, 0.0, 0.0],
    "p": [0.0012175807393004778, 0.0005124741295793461],
    "sensorsz": [23.6, 15.8]
}