{
    "xyz": [497017.2113220367, 6776153.171806034, 163.52],
    "viewdir": [-30.096749127305394, -12.372288616206669, -0.056921938930927465],
    "fmm": [20.479742832415216, 20.5862936750851],
    "cmm": [0.037055241597993775, 0.18449412607810478],
    "k": [-0.10758507628548841, 0.08359152741778858, 0.0, 0.0, 0.0, 0.0],
    "p": [0.00019155331566761413, 0.0007647298236674455],
    "sensorsz": [23.6, 15.8]
}