{
    "xyz": [497017.48522467073, 6776153.0012300452, 164.05755104984081],
    "viewdir": [-59.729306280721737, -3.6556615136325998, 0.44635888420896536],
    "fmm": [20.473304764693793, 20.525118542877813],
    "cmm": [0.021607736526494389, 0.094461830234303351],
    "k": [-0.10743351396686635, 0.082255507548607221, 0.0, 0.0, 0.0, 0.0],
    "p": [-0.0005425593218958899, 0.00057006898818341006],
    "sensorsz": [23.600000000000001, 15.800000000000001]
}