{
    "xyz": [497341.6964358197, 6776384.653779524, 242.42853577872447],
    "viewdir": [-12.279149504769999, -14.438016051239963, -1.9646448256128421],
    "fmm": [20.42360205410089, 20.439905882538948],
    "cmm": [-0.04942217071724403, 0.048764774669067736],
    "k": [-0.11371297047812634, 0.09502838988778722, 0.0, 0.0, 0.0, 0.0],
    "p": [-9.598823891604491e-05, 0.00019805392071041428],
    "sensorsz": [23.6, 15.8]
}