{
    "xyz": [497341.6964358197, 6776384.653779524, 242.42853577872447],
    "viewdir": [21.528129678354578, -12.903422815080496, 1.731851661291705],
    "fmm": [20.232529882214187, 20.197352929784625],
    "cmm": [-0.15488107217587146, 0.6128785436507873],
    "k": [-0.09893493502569617, 0.059529219932607735, 0.0, 0.0, 0.0, 0.0],
    "p": [-0.0017740468906759371, 0.00045263686382390755],
    "sensorsz": [23.6, 15.8]
}