{
    "xyz": [499211.00725947437, 6783756.0918104537, 479.33179419876853],
    "viewdir": [-149.51523013302048, -9.6698465099027828, -3.0279547870018635],
    "fmm": [20.409172005742306, 20.499944383852164],
    "cmm": [-0.11391526685090858, 0.093743394150316087],
    "k": [-0.098014329584777862, 0.072974778102950208, 0.0, 0.0, 0.0, 0.0],
    "p": [0.0014369626122659948, -2.7398921956831718e-05],
    "sensorsz": [23.600000000000001, 15.800000000000001]
}