{
    "xyz": [499211.33597652364, 6783755.950194738, 478.96],
    "viewdir": [-163.79533750681236, -14.537264657692585, -2.1757876549906565],
    "fmm": [24.53851885694738, 24.57165470387394],
    "cmm": [-0.19553389977168134, 0.19529040202902176],
    "k": [-0.10580008703175514, 0.12520449077194107, 0.0, 0.0, 0.0, 0.0],
    "p": [-0.00017520969199877334, -0.0015230571245281044],
    "sensorsz": [23.6, 15.8]
}