{
    "xyz": [499211.00264067476, 6783755.994824595, 479.0],
    "viewdir": [-149.1611525990571, -9.22334811962714, -3.0875112362476043],
    "fmm": [20.494164183600724, 20.4918713340586],
    "cmm": [0.015102223346149546, -0.05802456502876502],
    "k": [-0.10864765128647935, 0.08730596137290741, 0.0, 0.0, 0.0, 0.0],
    "p": [-0.0007378913629701028, 0.0014415669437987388],
    "sensorsz": [23.6, 15.8]
}