{
    "xyz": [499211.33597652364, 6783755.950194738, 478.96],
    "viewdir": [-163.86901112404442, -14.39139141832705, -2.8158781213900133],
    "fmm": [24.538518856947384, 24.57165470387394],
    "cmm": [-0.1955338997716813, 0.19529040202902176],
    "k": [-0.10580008703175514, 0.12520449077194107, 0.0, 0.0, 0.0, 0.0],
    "p": [-0.00017520969199877334, -0.0015230571245281044],
    "sensorsz": [23.6, 15.8]
}