{
    "xyz": [497669.39916917024, 6776138.1546138478, 401.96988953263218],
    "viewdir": [5.8115400795283776, -8.3752014402401933, -0.45224693243458675],
    "fmm": [20.476621569419073, 20.545317699043693],
    "cmm": [0.025844074251519071, -0.11714870850857473],
    "k": [-0.10667734118147215, 0.082181390432367829, 0.0, 0.0, 0.0, 0.0],
    "p": [0.00073196517451152437, -0.0011651495410475374],
    "sensorsz": [23.600000000000001, 15.800000000000001]
}