{
    "xyz": [494696.9304437745, 6780830.374362715, 496.48031331244135],
    "viewdir": [90.09859367294496, -8.021053809844991, -0.9332421965607673],
    "fmm": [24.505254021342637, 24.649977118942],
    "cmm": [-0.05148103139859111, 0.11032006127837428],
    "k": [-0.10372827409814711, 0.10450898734799596, 0.0, 0.0, 0.0, 0.0],
    "p": [0.0007606690608063377, 9.725970507892812e-05],
    "sensorsz": [22.2, 14.8]
}