{
    "xyz": [494696.9304437745, 6780830.374362715, 496.48031331244135],
    "viewdir": [89.59640977446347, -7.767670057575933, -0.8797233477376684],
    "fmm": [24.505254021342637, 24.649977118942],
    "cmm": [-0.05148103139859111, 0.11032006127837428],
    "k": [-0.10372827409814711, 0.10450898734799596, 0.0, 0.0, 0.0, 0.0],
    "p": [0.0007606690608063377, 9.725970507892812e-05],
    "sensorsz": [22.2, 14.8]
}