{
    "xyz": [494674.0020774821, 6780880.002484309, 502.0],
    "viewdir": [90.97025635071373, -8.051948085137646, -0.8809848175050671],
    "fmm": [24.56132793543753, 24.691940610890097],
    "cmm": [0.1481676462424346, 0.1494928218516047],
    "k": [-0.1306698603230554, 0.17884993517115044, 0.0, 0.0, 0.0, 0.0],
    "p": [-0.0010112141084213794, 0.003865411012913031],
    "sensorsz": [22.2, 14.8]
}