{
    "xyz": [497415.2509736795, 6776328.425059953, 270.828],
    "viewdir": [2.059148458902853, -6.1755234556539875, 1.3657746397136832],
    "fmm": [28.701232381819846, 28.7975824046269],
    "cmm": [-0.1070675017781572, 0.03835119235338699],
    "k": [-0.11710932264226481, 0.12100604032813533, 0.0, 0.0, 0.0, 0.0],
    "p": [-6.894736410299751e-05, -0.0007136190186750463],
    "sensorsz": [23.6, 15.8]
}