{
    "xyz": [497294.98663838115, 6776046.317384045, 268.0],
    "viewdir": [-85.74162018279667, -3.7510751300831298, -3.133540067586215],
    "fmm": [9.05159176210843, 9.078628590007757],
    "cmm": [0.008437861043517235, -0.03841746186922755],
    "k": [-0.2005231465336601, 0.20893642507766258, 0.0, 0.0, 0.0, 0.0],
    "p": [0.0021868165644703397, 0.0007573855654708361],
    "sensorsz": [8.8, 6.6]
}