{
    "xyz": [497294.98663838115, 6776046.317384045, 268.0],
    "viewdir": [-84.48748582580005, -5.120498332654709, -4.06116041690597],
    "fmm": [9.05159176210843, 9.078628590007757],
    "cmm": [0.008437861043517235, -0.03841746186922755],
    "k": [-0.2005231465336601, 0.20893642507766258, 0.0, 0.0, 0.0, 0.0],
    "p": [0.0021868165644703397, 0.0007573855654708361],
    "sensorsz": [8.8, 6.6]
}