{
    "xyz": [497012.33491433115, 6775994.071354334, 154.508],
    "viewdir": [-85.76632492715042, -1.8362051230306662, 1.1894302364652936],
    "fmm": [28.654669532628816, 28.748279995276754],
    "cmm": [0.025721903301639093, -0.10789858127703594],
    "k": [-0.11176252923053176, 0.12559247001872376, 0.0, 0.0, 0.0, 0.0],
    "p": [0.002508294127465227, -0.00038466217915147927],
    "sensorsz": [23.7, 15.7]
}