{"xyz": [497012.6575741146, 6775994.1277038185, 154.54676783239304], "viewdir": [-85.75960577397217, -1.7608198980752232, 1.2018582197570307], "fmm": [28.63210773059058, 28.75321235192665], "cmm": [0.041890699324174656, -0.13807010770372458], "k": [-0.10241683383690403, 0.08036600972564484, 0.0, 0.0, 0.0, 0.0], "p": [0.002508249655925568, -0.0001907031561773076], "sensorsz": [23.7, 15.7]}