{
    "xyz": [497005.68736982386, 6775997.897170449, 154.6643729222333],
    "viewdir": [-77.89976464223189, -0.04596552336575259, 1.0160475494542316],
    "fmm": [21.849440850523766, 21.91065777797478],
    "cmm": [0.020900858279167912, -0.054628087177703885],
    "k": [-0.13513277632743653, 0.10629992033281982, 0.0, 0.0, 0.0, 0.0],
    "p": [0.0007038019771014661, -0.00013816424826047086],
    "sensorsz": [22.5, 15.0]
}