{
    "xyz": [497005.68736982386, 6775997.897170449, 154.6643729222333],
    "viewdir": [-77.9515521782775, 0.547258039420449, 0.3141385904455737],
    "fmm": [21.849440850523766, 21.91065777797478],
    "cmm": [0.020900858279167912, -0.054628087177703885],
    "k": [-0.13513277632743653, 0.10629992033281982, 0.0, 0.0, 0.0, 0.0],
    "p": [0.0007038019771014661, -0.00013816424826047086],
    "sensorsz": [22.5, 15.0]
}