{
    "xyz": [497008.95372576662, 6775994.427232733, 153.10139942783945],
    "viewdir": [-77.670654098703906, 6.2448741836187569, 0.91205799896752993],
    "fmm": [21.880812115955706, 21.829459199120684],
    "cmm": [0.056853150680548185, -2.4283656441067785],
    "k": [-0.089130602464488645, 0.0034302103411505414, 0.0, 0.0, 0.0, 0.0],
    "p": [0.012317103779540726, 0.00018900599422142297],
    "sensorsz": [22.5, 15.0]
}