{
    "xyz": [493221.96573712653, 6776736.400577622, 463.26],
    "viewdir": [60.5, -5.0, 2.0],
    "fmm": [24.0, 24.0],
    "cmm": [0.0, 0.0],
    "k": [0.0, 0.0, 0.0, 0.0, 0.0, 0.0],
    "p": [0.0, 0.0],
    "sensorsz": [23.6, 15.8]
}