{
    "xyz": [493195.1427304103, 6776739.421951824, 487.70498170948395],
    "viewdir": [76.5, -7.5, 0.5],
    "fmm": [24.0, 24.0],
    "cmm": [0.0, 0.0],
    "k": [0.0, 0.0, 0.0, 0.0, 0.0, 0.0],
    "p": [0.0, 0.0],
    "sensorsz": [23.6, 15.8]
}