{
    "xyz": [497017.2113220367, 6776153.171806034, 163.52],
    "viewdir": [-30.5, -11.0, 0.0],
    "fmm": [20.0, 20.0],
    "cmm": [0.0, 0.0],
    "k": [0.0, 0.0, 0.0, 0.0, 0.0, 0.0],
    "p": [0.0, 0.0],
    "sensorsz": [23.6, 15.8]
}