{
    "xyz": [497331.8718537146, 6776359.042571727, 242.40782541537817],
    "viewdir": [22.5, -13.0, 0.0],
    "fmm": [20.0, 20.0],
    "cmm": [0.0, 0.0],
    "k": [0.0, 0.0, 0.0, 0.0, 0.0, 0.0],
    "p": [0.0, 0.0],
    "sensorsz": [23.6, 15.8]
}