{
    "xyz": [497336.72095633415, 6776385.339030544, 241.66811065081026],
    "viewdir": [-12.3, -14.0, -1.5],
    "fmm": [20.0, 20.0],
    "cmm": [0.0, 0.0],
    "k": [0.0, 0.0, 0.0, 0.0, 0.0, 0.0],
    "p": [0.0, 0.0],
    "sensorsz": [23.6, 15.8]
}