{
    "xyz": [499211.00264067476, 6783755.994824595, 479.0],
    "viewdir": [-151.5, -9.0, -2.5],
    "fmm": [20.0, 20.0],
    "cmm": [0.0, 0.0],
    "k": [0.0, 0.0, 0.0, 0.0, 0.0, 0.0],
    "p": [0.0, 0.0],
    "sensorsz": [23.6, 15.8]
}