{
    "xyz": [499211.33597652364, 6783755.950194738, 478.96],
    "viewdir": [-163.5, -14.5, -2.0],
    "fmm": [24.0, 24.0],
    "cmm": [0.0, 0.0],
    "k": [0.0, 0.0, 0.0, 0.0, 0.0, 0.0],
    "p": [0.0, 0.0],
    "sensorsz": [23.6, 15.8]
}