{
    "xyz": [494674.0020774821, 6780880.002484309, 502.0],
    "viewdir": [90.0, -7.5, -1.0],
    "fmm": [24.0, 24.000000000000004],
    "cmm": [0.0, 0.0],
    "k": [0.0, 0.0, 0.0, 0.0, 0.0, 0.0],
    "p": [0.0, 0.0],
    "sensorsz": [22.2, 14.8]
}