{
    "xyz": [497294.98663838115, 6776046.317384045, 268.0],
    "viewdir": [-86.0, -4.0, -3.0],
    "fmm": [8.9, 8.9],
    "cmm": [0.0, 0.0],
    "k": [0.0, 0.0, 0.0, 0.0, 0.0, 0.0],
    "p": [0.0, 0.0],
    "sensorsz": [8.8, 6.6]
}