{
    "xyz": [497012.33491433115, 6775994.071354334, 154.508],
    "viewdir": [-86.0, -2.0, 1.0],
    "fmm": [28.0, 28.0],
    "cmm": [0.0, 0.0],
    "k": [0.0, 0.0, 0.0, 0.0, 0.0, 0.0],
    "p": [0.0, 0.0],
    "sensorsz": [23.7, 15.7]
}