{
    "xyz": [497005.0397514181, 6775997.837815402, 154.31209623947376],
    "viewdir": [-78.0, 0.0, 1.5],
    "fmm": [22.0, 22.0],
    "cmm": [0.0, 0.0],
    "k": [0.0, 0.0, 0.0, 0.0, 0.0, 0.0],
    "p": [0.0, 0.0],
    "sensorsz": [22.5, 15.0]
}