{
    "fmm": [21.9185605081464, 22.00063100359282],
    "cmm": [0.043842492653297295, -0.1894081135696456],
    "k": [-0.16304629666428339, 0.150803718641577, 0.0, 0.0, 0.0, 0.0],
    "p": [0.0008657863060397078, -0.0001928273173712955],
    "sensorsz": [22.5, 15.0]
}