{
    "fmm": [0.002937332669961805, 0.011192087035189362],
    "cmm": [0.0029895519918988157, 0.014913743178994548],
    "k": [0.0007727733289243687, 0.002301431954971119, 0.0, 0.0, 0.0, 0.0],
    "p": [4.82794482278405e-05, 8.852501591636528e-06]
}