{
    "fmm": [24.56132793543753, 24.691940610890097],
    "cmm": [0.1481676462424346, 0.1494928218516047],
    "k": [-0.1306698603230554, 0.17884993517115044, 0.0, 0.0, 0.0, 0.0],
    "p": [-0.0010112141084213794, 0.003865411012913031],
    "sensorsz": [22.2, 14.8]
}