{
    "fmm": [0.001093721007789476, 0.0043944706831675635],
    "cmm": [0.0019669613660576383, 0.005852492278013467],
    "k": [0.00042485011916601245, 0.001010134135474168, 0.0, 0.0, 0.0, 0.0],
    "p": [4.6163129388537155e-05, 9.110817166593692e-06]
}