{
    "fmm": [0.0007186264847601301, 0.0006764663212164713],
    "cmm": [0.0010002530668087473, 0.0010011898889291575],
    "k": [0.0002577289033572621, 0.0009989841438486136, 0.0, 0.0, 0.0, 0.0],
    "p": [1.1666344847736323e-05, 1.3097572394249974e-05]
}