{
    "fmm": [0.002735054069629682, 0.007418969838816403],
    "cmm": [0.0027919066896504264, 0.01586129613270228],
    "k": [0.0008082704893590103, 0.0025179572783224, 0.0, 0.0, 0.0, 0.0],
    "p": [5.6862536892954586e-05, 1.2556304999497551e-05]
}