{
    "fmm": [24.616361498593196, 24.620471927715727],
    "cmm": [-0.08912123235095842, 0.2999658027309199],
    "k": [-0.10667151313199164, 0.10703824474489021, 0.0, 0.0, 0.0, 0.0],
    "p": [0.00046908893910177496, 0.00020610637441122182],
    "sensorsz": [22.2, 14.8]
}