{
    "fmm": [0.0037463844640304692, 0.00662571753916607],
    "cmm": [0.00097393241172917782, 0.023782438392142662],
    "k": [0.0013149400876235344, 0.0026717476412677714, 0.0, 0.0, 0.0, 0.0],
    "p": [9.5141901289134406e-05, 2.2911702168896681e-05]
}