{
    "fmm": [0.002347802548831766, 0.0083834710694529052],
    "cmm": [0.0045066262148355119, 0.013418626684887752],
    "k": [0.00080688495366967525, 0.0020014328543434541, 0.0, 0.0, 0.0, 0.0],
    "p": [5.8773876116572155e-05, 2.6184987641409677e-05]
}