{
    "fmm": [0.0047987885176281955, 0.007187460782023638],
    "cmm": [0.010084656546371707, 0.028871371625824132],
    "k": [0.001604900815785919, 0.003095209181645608, 0.0, 0.0, 0.0, 0.0],
    "p": [0.0001451143204533885, 3.176948480403017e-05]
}