{
    "fmm": [24.55198501038314, 24.78599762971117],
    "cmm": [-0.06482683922682984, 0.035673301895512446],
    "k": [-0.10519417109607954, 0.10370990079073239, 0.0, 0.0, 0.0, 0.0],
    "p": [-0.00022515454453828077, 0.0003866031902654693],
    "sensorsz": [22.2, 14.8]
}