{
    "fmm": [0.004296433936378966, 0.00651072241790701],
    "cmm": [0.008791716535077343, 0.023663627495829214],
    "k": [0.0015800793839248549, 0.003002790158794993, 0.0, 0.0, 0.0, 0.0],
    "p": [0.0001327116722292902, 3.0170385774522974e-05]
}