{
    "fmm": [21.849440850523766, 21.91065777797478],
    "cmm": [0.020900858279167912, -0.054628087177703885],
    "k": [-0.13513277632743653, 0.10629992033281982, 0.0, 0.0, 0.0, 0.0],
    "p": [0.0007038019771014661, -0.00013816424826047086],
    "sensorsz": [22.5, 15.0]
}