{
    "fmm": [20.480230614093205, 20.551065521944263],
    "cmm": [0.0508547475168138, 0.13421620919255048],
    "k": [-0.10866171309627448, 0.08598374225939426, 0.0, 0.0, 0.0, 0.0],
    "p": [-4.1890456430368483e-05, 0.0009143845923648142],
    "sensorsz": [23.6, 15.8]
}