{
    "fmm": [0.000818813003848206, 0.0007735318769598867],
    "cmm": [0.001008358881141537, 0.0010164569062562924],
    "k": [0.0002854793721624673, 0.0013582093537027522, 0.0, 0.0, 0.0, 0.0],
    "p": [1.1704601803295143e-05, 1.2854048924346315e-05]
}