{
    "fmm": [0.0029015126822593755, 0.0037319059446717451],
    "cmm": [0.0051574854214116814, 0.012310198009964522],
    "k": [0.0011110234318807829, 0.0025773271073115632, 0.0, 0.0, 0.0, 0.0],
    "p": [0.00011782507495383316, 6.0702850035993074e-05]
}