{
    "fmm": [0.001129471045153314, 0.0018519198750648553],
    "cmm": [0.0011394088028319912, 0.005011765425018598],
    "k": [0.0001711092493809668, 0.000338700306083308, 0.0, 0.0, 0.0, 0.0],
    "p": [4.239799231375102e-05, 1.2332148327907584e-05]
}