{
    "fmm": [0.0008062543885426182, 0.0007590274463849308],
    "cmm": [0.001024459624443788, 0.0010146647108223508],
    "k": [0.00024936047555987177, 0.0010614411723473872, 0.0, 0.0, 0.0, 0.0],
    "p": [1.1815868246454825e-05, 1.3013889588417879e-05]
}