{
    "fmm": [0.0026989133298510257, 0.0036610834474152536],
    "cmm": [0.005328720677618239, 0.014239685104368755],
    "k": [0.0008573631465748265, 0.0025294758435276845, 0.0, 0.0, 0.0, 0.0],
    "p": [7.103222655956464e-05, 1.3848590096842374e-05]
}