{
    "fmm": [0.0012972678517514005, 0.0021194912244683986],
    "cmm": [0.0030913507360139114, 0.005182924198411852],
    "k": [0.0001985642822106403, 0.00035063844511777956, 0.0, 0.0, 0.0, 0.0],
    "p": [5.217539076436345e-05, 2.2662069160254462e-05]
}