{
    "fmm": [0.004129092128914132, 0.007957093637519385],
    "cmm": [0.0006713134111322373, 0.01627361552389775],
    "k": [0.0006593800444696393, 0.0011500373418564084, 0.0, 0.0, 0.0, 0.0],
    "p": [7.239390478288424e-05, 1.6087801319826554e-05]
}