{
    "fmm": [0.0010937537120664996, 0.0024984317785891668],
    "cmm": [0.0014501163134612628, 0.0040479284666028155],
    "k": [0.0003021376245497065, 0.0010264469950868247, 0.0, 0.0, 0.0, 0.0],
    "p": [3.2915475422968279e-05, 7.2041948629912985e-06]
}