{
    "fmm": [0.0020241167873867585, 0.002261592574533102],
    "cmm": [0.001622084976036665, 0.004279572618191866],
    "k": [0.0005388078255290505, 0.002051603078055274, 0.0, 0.0, 0.0, 0.0],
    "p": [2.9361652572020783e-05, 1.0801011499049753e-05]
}