{
    "fmm": [0.058408823295391897, 0.14653723307438477],
    "cmm": [0.031337061292854414, 0.37296038097730605],
    "k": [0.016455236356877193, 0.072249697329023352, 0.0, 0.0, 0.0, 0.0],
    "p": [0.0019680211275711098, 0.00029844241283426162]
}