{
    "fmm": [24.325148891049455, 23.87066584958357],
    "cmm": [-0.42229333030627531, 1.0279285561601785],
    "k": [-0.11590078834782302, 0.1197381211815241, 0.0, 0.0, 0.0, 0.0],
    "p": [-0.0070612636040697646, -0.0027627454392662593],
    "sensorsz": [23.600000000000001, 15.800000000000001]
}