{
    "fmm": [0.0009194862261008222, 0.0010345803938333403],
    "cmm": [0.001390947745256435, 0.0019960734158632086],
    "k": [0.00014882704266350893, 0.0002975984447458963, 0.0, 0.0, 0.0, 0.0],
    "p": [1.8711073386676897e-05, 1.5853874696164314e-05]
}