{
    "fmm": [9.032296730587683, 9.034354876404493],
    "cmm": [0.02162922875551538, 0.018394966292135113],
    "k": [-0.21045676830542337, 0.207483320040994, 0.0, 0.0, 0.0, 0.0],
    "p": [0.0005937052710795893, -0.0003589202308111189],
    "sensorsz": [8.8, 6.6]
}