{
    "fmm": [0.0020253417060602545, 0.0025380611766987415],
    "cmm": [0.005359050832246278, 0.005096873293465826],
    "k": [0.0014916589535852389, 0.003034991009562313, 0.0, 0.0, 0.0, 0.0],
    "p": [0.0001433208452952094, 3.614523941561524e-05]
}