{
    "fmm": [0.0007278841428227317, 0.002123717176597803],
    "cmm": [0.0007621500978233464, 0.0019596392122900007],
    "k": [0.000151899701625068, 0.0002698276939551195, 0.0, 0.0, 0.0, 0.0],
    "p": [1.5356490096949335e-05, 5.254041369092503e-06]
}