{
    "fmm": [24.195763986115356, 24.222312626869808],
    "cmm": [0.008158204860984198, 1.5142922532133392],
    "k": [-0.07458333027664177, 0.0010632095941717767, 0.0, 0.0, 0.0, 0.0],
    "p": [-0.004176664602030047, -0.00022304882755759536],
    "sensorsz": [23.6, 15.8]
}