{
    "fmm": [0.0010378112800527146, 0.0017904021733444711],
    "cmm": [0.0014858919522623799, 0.003684160922843895],
    "k": [0.00029776595394695747, 0.000707034890463604, 0.0, 0.0, 0.0, 0.0],
    "p": [2.9733410259797314e-05, 1.1518775645360934e-05]
}