{
    "fmm": [28.737506379264993, 28.872503781402379],
    "cmm": [0.016092377263779371, 0.12014961772651717],
    "k": [-0.12039047078351212, 0.13428243270075735, 0.0, 0.0, 0.0, 0.0],
    "p": [0.00075896165500248525, -7.9718299883874133e-05],
    "sensorsz": [23.600000000000001, 15.800000000000001]
}