{
    "fmm": [0.0043154160104717076, 0.0049721700505728364],
    "cmm": [0.0058924502062540967, 0.019326739775191979],
    "k": [0.0015261782789016236, 0.0039645449416121992, 0.0, 0.0, 0.0, 0.0],
    "p": [8.5007149880215885e-05, 2.4830294562852128e-05]
}