{
    "fmm": [20.589242052686114, 20.649605454490516],
    "cmm": [-0.056378670444976964, -0.5067395232414119],
    "k": [-0.09664512156607441, 0.07178382928474719, 0.0, 0.0, 0.0, 0.0],
    "p": [0.002046170792281421, -0.0004858881964711348],
    "sensorsz": [23.6, 15.8]
}