{
    "fmm": [24.556692037870285, 24.71380640204055],
    "cmm": [-0.052382486908195108, 0.31898404588266938],
    "k": [-0.11661556952094315, 0.11140533333725028, 0.0, 0.0, 0.0, 0.0],
    "p": [-0.0028159842214813546, 0.00095342136559536939],
    "sensorsz": [23.600000000000001, 15.800000000000001]
}