{
    "fmm": [0.0007496004188083362, 0.0007204357243253402],
    "cmm": [0.0009973131854880558, 0.0009948790429711596],
    "k": [0.0002913348011958768, 0.0013179121258608882, 0.0, 0.0, 0.0, 0.0],
    "p": [1.1956764126622215e-05, 1.2148918534897465e-05]
}