{
    "fmm": [28.812445917504416, 28.73762855974843],
    "cmm": [0.041058437312092466, -0.16644369811320747],
    "k": [-0.1202901343746332, 0.13107310273132755, 0.0, 0.0, 0.0, 0.0],
    "p": [-0.0006044799821388336, -0.00033265852956929076],
    "sensorsz": [23.7, 15.7]
}