{
    "fmm": [24.57257848235244, 24.510205185862706],
    "cmm": [-0.39571489632022316, 0.3042411370651963],
    "k": [-0.08062811864088615, 0.05621500357069786, 0.0, 0.0, 0.0, 0.0],
    "p": [0.001745833102110822, -0.003739000527725009],
    "sensorsz": [23.6, 15.8]
}