{
    "fmm": [0.0008403401851386396, 0.0019132333720790922],
    "cmm": [0.0009304237727533099, 0.0025443788437970426],
    "k": [0.000180688824172615, 0.0006508225178876142, 0.0, 0.0, 0.0, 0.0],
    "p": [2.110594316549795e-05, 6.485535473640821e-06]
}