{
    "fmm": [35.317433326832976, 36.507906104806558],
    "cmm": [-1.1769424297285824, 1.9988752946879762],
    "k": [0.40459373707611213, -0.72730703909946182, 0.0, 0.0, 0.0, 0.0],
    "p": [0.076237985061015451, 0.0046720224227591034],
    "sensorsz": [23.600000000000001, 15.800000000000001]
}