{
    "fmm": [0.0011883938649560838, 0.0014916502502882296],
    "cmm": [0.003278660382305354, 0.0029974050807609898],
    "k": [0.000881006253827902, 0.0017913653963402543, 0.0, 0.0, 0.0, 0.0],
    "p": [8.461180776376073e-05, 2.3698390048487797e-05]
}
