{
    "fmm": [0.0035952982545415474, 0.004471852652943374],
    "cmm": [0.0076038190364829585, 0.017833910184058454],
    "k": [0.0011526551740524611, 0.0034439630770756939, 0.0, 0.0, 0.0, 0.0],
    "p": [9.0127656407116189e-05, 1.9977909259616786e-05]
}