{
    "fmm": [28.777920587263814, 28.705627178009646],
    "cmm": [0.06518258919896576, -0.12073260670957277],
    "k": [-0.12131107899952931, 0.13547264430778772, 0.0, 0.0, 0.0, 0.0],
    "p": [-0.00026571843631692516, -0.00025175253887893545],
    "sensorsz": [23.7, 15.7]
}