{
    "fmm": [20.44331087404004, 20.46802858603878],
    "cmm": [0.02028421255068277, -0.005293234887533903],
    "k": [-0.1084305772764802, 0.0840812833051211, 0.0, 0.0, 0.0, 0.0],
    "p": [-0.0009238071146701748, -0.000686192329828389],
    "sensorsz": [23.6, 15.8]
}