{
    "fmm": [28.74640154079945, 28.843283869316284],
    "cmm": [0.17522659586983974, 0.08327786479967195],
    "k": [-0.1220281664611147, 0.1410116998957639, 0.0, 0.0, 0.0, 0.0],
    "p": [0.0005349776950106661, 0.0014047911043669759],
    "sensorsz": [23.6, 15.8]
}