{
    "fmm": [0.00409777462341228, 0.01246904023669911],
    "cmm": [0.006003698750025357, 0.022010751858835793],
    "k": [0.0011902506804092024, 0.0026335440648701624, 0.0, 0.0, 0.0, 0.0],
    "p": [9.545085461095828e-05, 2.8480425232440993e-05]
}