{
    "fmm": [28.81471127135444, 28.815622845619046],
    "cmm": [-0.04124749226244893, -0.09015070241066551],
    "k": [-0.12118279262566056, 0.1322171389171488, 0.0, 0.0, 0.0, 0.0],
    "p": [-0.00041587863563279093, -0.000347980102518769],
    "sensorsz": [23.6, 15.8]
}