{
    "fmm": [0.0005922188309565512, 0.0005487724871465261],
    "cmm": [0.0009819510308491403, 0.0010103591702533752],
    "k": [0.00018109884744579467, 0.0007356999118869447, 0.0, 0.0, 0.0, 0.0],
    "p": [9.43639065618066e-06, 1.0056483396456213e-05]
}