{
    "fmm": [0.0012966138717485428, 0.0018495664018754949],
    "cmm": [0.0011962650953055431, 0.00528463429678107],
    "k": [0.0001815335030719363, 0.0003534969990861909, 0.0, 0.0, 0.0, 0.0],
    "p": [4.465391448971553e-05, 1.2888535082967351e-05]
}