{
    "fmm": [20.409172005742306, 20.499944383852164],
    "cmm": [-0.11391526685090858, 0.093743394150316087],
    "k": [-0.098014329584777862, 0.072974778102950208, 0.0, 0.0, 0.0, 0.0],
    "p": [0.0014369626122659948, -2.7398921956831718e-05],
    "sensorsz": [23.600000000000001, 15.800000000000001]
}