{
    "fmm": [0.0008015266443516598, 0.0008340826887843633],
    "cmm": [0.0003499316713695975, 0.001967316692934194],
    "k": [0.00015888837953722734, 0.000307878020111966, 0.0, 0.0, 0.0, 0.0],
    "p": [1.917251882138794e-05, 8.512393012534139e-06]
}