{
    "fmm": [0.007011399392882685, 0.0192202977419592],
    "cmm": [0.00887984438710336, 0.026347333077256698],
    "k": [0.0019006085454069887, 0.0028334372412929763, 0.0, 0.0, 0.0, 0.0],
    "p": [0.00016865156911669363, 3.752547629073875e-05]
}