{
    "fmm": [20.42360205410089, 20.439905882538948],
    "cmm": [-0.04942217071724403, 0.048764774669067736],
    "k": [-0.11371297047812634, 0.09502838988778722, 0.0, 0.0, 0.0, 0.0],
    "p": [-9.598823891604491e-05, 0.00019805392071041428],
    "sensorsz": [23.6, 15.8]
}