{
    "fmm": [0.0037569847529180995, 0.005406366127675087],
    "cmm": [0.0022429700828874846, 0.010903554138841585],
    "k": [0.0005611833945812004, 0.0008654049027104487, 0.0, 0.0, 0.0, 0.0],
    "p": [3.088400772311753e-05, 1.1157367790912013e-05]
}