{
    "fmm": [20.391047558303878, 20.46152638023344],
    "cmm": [-0.09549183184335021, 0.1854342092959098],
    "k": [-0.11490781563454433, 0.09746598648527882, 0.0, 0.0, 0.0, 0.0],
    "p": [0.0014230307511228502, -0.0010566478775003024],
    "sensorsz": [23.6, 15.8]
}