{
    "fmm": [0.0007997072263108931, 0.000835557882298679],
    "cmm": [0.0013929743061302715, 0.0010852263916868484],
    "k": [0.00010116814154203167, 0.00018750871018385107, 0.0, 0.0, 0.0, 0.0],
    "p": [1.3763384731729207e-05, 1.3738725177062266e-05]
}