{
    "fmm": [20.465658192421298, 20.456928819183887],
    "cmm": [0.03684146172194381, -0.04409407038436858],
    "k": [-0.1089160639634853, 0.08602850743620011, 0.0, 0.0, 0.0, 0.0],
    "p": [-0.0006347679471471052, 0.0017048666335463675],
    "sensorsz": [23.6, 15.8]
}