{
    "fmm": [20.433788166718973, 20.462557293695973],
    "cmm": [0.003519116934309129, -0.006370700659251872],
    "k": [-0.10868161039175239, 0.08371823972957704, 0.0, 0.0, 0.0, 0.0],
    "p": [-0.0009169900406492681, -0.0008063508742070652],
    "sensorsz": [23.6, 15.8]
}