{
    "fmm": [24.5845365755346, 24.605758108732],
    "cmm": [-0.028468253304463228, 0.11317930925692406],
    "k": [-0.11953314095164114, 0.1543752825296486, 0.0, 0.0, 0.0, 0.0],
    "p": [-0.0010100003241904215, 0.0007348472779471898],
    "sensorsz": [23.6, 15.8]
}