{
    "fmm": [0.0008513156770570676, 0.0013526950260027584],
    "cmm": [0.0014376260619890582, 0.003313788264069579],
    "k": [0.000286947789862476, 0.0006844102992329922, 0.0, 0.0, 0.0, 0.0],
    "p": [2.65301048028868e-05, 1.139245719090134e-05]
}