{
    "fmm": [9.053874381205423, 9.161347472553166],
    "cmm": [-0.04105978588189016, -0.02835400918451967],
    "k": [-0.20717120043814208, 0.23293678478196156, 0.0, 0.0, 0.0, 0.0],
    "p": [0.002876147906214141, 0.003052243552171305],
    "sensorsz": [8.8, 6.6]
}