{
    "fmm": [0.0009215163711385927, 0.0022123004776644735],
    "cmm": [0.0007699926141700661, 0.002130427935369437],
    "k": [0.00015132932899203792, 0.0002700133093781984, 0.0, 0.0, 0.0, 0.0],
    "p": [1.5611215359332737e-05, 5.224988776111059e-06]
}