{
    "fmm": [0.003220143690838257, 0.005386214395273244],
    "cmm": [0.008334034108063156, 0.011196244316108847],
    "k": [0.0006924854428356484, 0.0015128881844737368, 0.0, 0.0, 0.0, 0.0],
    "p": [2.6033698290073798e-05, 6.151359195999336e-05]
}