{
    "fmm": [0.0016637422729565308, 0.0026322035545892682],
    "cmm": [0.0036797438722006703, 0.0063170950091064838],
    "k": [0.00025983858645501332, 0.00041984432945599309, 0.0, 0.0, 0.0, 0.0],
    "p": [6.3522071662702688e-05, 2.7285305666920097e-05]
}