{
    "fmm": [0.0007725404377778789, 0.0007110646655752404],
    "cmm": [0.00094760480625134, 0.0009886163881492533],
    "k": [0.0005541798774904764, 0.0014411435657586981, 0.0, 0.0, 0.0, 0.0],
    "p": [2.928661779302879e-05, 2.972303207250966e-05]
}