{
    "fmm": [0.0042731202271007, 0.004031965938672277],
    "cmm": [0.006189493045292196, 0.009088650403270218],
    "k": [0.0014470171455703367, 0.0034798378583350714, 0.0, 0.0, 0.0, 0.0],
    "p": [4.6609527400530726e-05, 6.139840618324723e-05]
}