{
    "fmm": [28.799988016450467, 28.802481010345005],
    "cmm": [-0.035657784992537744, 0.011758946592940222],
    "k": [-0.12214257405961404, 0.13350991864924766, 0.0, 0.0, 0.0, 0.0],
    "p": [-0.00019330542173502663, -0.0002364550868774462],
    "sensorsz": [23.6, 15.8]
}