{
    "fmm": [20.426184541859833, 20.626287022989285],
    "cmm": [0.027336315997253346, 0.1560260732148301],
    "k": [-0.10602869428081385, 0.07912323684084588, 0.0, 0.0, 0.0, 0.0],
    "p": [-0.00031960116321963494, 0.0001038275256761978],
    "sensorsz": [23.6, 15.8]
}