{
    "fmm": [0.0009438565283819119, 0.0013297451228494015],
    "cmm": [0.0021359794865316657, 0.0024720669718930623],
    "k": [0.00017203028736101274, 0.0003525175245919848, 0.0, 0.0, 0.0, 0.0],
    "p": [2.098376928994625e-05, 1.421808376553089e-05]
}