{
    "fmm": [0.000613168238463015, 0.000700949876117122],
    "cmm": [0.0014810797920274856, 0.0012944039510666388],
    "k": [0.0001243266877414667, 0.00023668891699171873, 0.0, 0.0, 0.0, 0.0],
    "p": [1.6975407128771386e-05, 1.4694643629823175e-05]
}