{
    "fmm": [20.423980955824188, 20.631708574955905],
    "cmm": [0.02735878341359536, 0.15948389018906986],
    "k": [-0.10606868506174638, 0.0792869571599284, 0.0, 0.0, 0.0, 0.0],
    "p": [-0.0002653942157574002, 0.00010424512837739486],
    "sensorsz": [23.6, 15.8]
}